MESURE - Dollars des États-Unis aux prix courants et taux de change courants en millions,,,,,,,,,,,,,,,,,,,,,,,,,,,,,,,,,,,,,,,,,,,,,
,,,,,,,,,,,,,,,,,,,,,,,,,,,,,,,,,,,,,,,,,,,,,
ANNÉE,1970,1971,1972,1973,1974,1975,1976,1977,1978,1979,1980,1981,1982,1983,1984,1985,1986,1987,1988,1989,1990,1991,1992,1993,1994,1995,1996,1997,1998,1999,2000,2001,2002,2003,2004,2005,2006,2007,2008,2009,2010,2011,2012,2013,2014
ÉCONOMIE,,,,,,,,,,,,,,,,,,,,,,,,,,,,,,,,,,,,,,,,,,,,,
          Afghanistan,1748.886597,1831.108982,1595.555482,1733.333275,2155.5555,2366.666613,2555.555571,2953.333408,3300.000103,3697.940356,3641.723443,3478.787916,3438.884594,3399.439011,3360.445864,3321.900002,3320.599991,2887.499993,2664.299991,3342.200002,3621.600007,3340.100005,3474.600007,2664.399992,2114.6,3236.3,3124.359411,3016.290743,2911.960069,2719.992175,3531.869351,3620.52525,4285.170218,4935.549827,5586.984096,6621.833827,7514.261673,10380.12521,10768.48057,12572.59811,16077.92104,19170.46766,21330.88285,21618.31254,22829.98066
          Angola,2864.617813,3015.133844,3105.037313,3793.654562,4250.696503,3130.848225,2994.865507,3275.620028,3643.291664,4044.387994,5389.874992,5044.497627,5044.497627,5257.037569,5572.525904,6865.432181,6442.977472,7419.212514,8009.893709,9321.010763,10296.87813,12167.55498,13974.3878,10126.358,10421.53071,4994.12852,6525.802063,7648.377413,6445.041825,6088.257948,8858.473258,9471.498333,11431.73669,13956.26814,19775.22783,32810.65548,41789.49319,60448.88758,84178.08414,75492.41652,82513.00324,104115.9315,115337.1302,121692.2754,125922.7157
          Bangladesh,7121.68528,6411.386982,7144.531284,7783.830367,9296.774903,9742.51836,10859.15155,11436.42238,14656.48917,16963.72814,19229.28847,19503.51597,17750.89552,18115.82041,21234.80058,22033.713,23241.50193,26407.74329,28523.15985,30982.70129,32341.36451,34559.96167,35277.00969,36420.41086,38707.17357,43524.81521,45743.18472,47321.79432,49054.19651,51446.86985,52264.66425,52222.52239,54247.6468,59415.17369,64311.2519,66240.17123,69321.45763,78850.9483,91458.76319,102358.219,114586.334,123626.801,128899.3079,153504.9348,174771.4118
          Bénin,298.1304081,316.396695,389.6506062,477.3057004,512.7547272,623.8903919,664.4434828,727.5053912,882.9901028,1075.43038,1374.174246,1299.953035,1267.894316,1095.447929,1051.225524,1045.663763,1335.625513,1562.385609,1619.731022,1502.155275,1844.895198,1898.216539,2112.941283,2140.100593,1503.6076,2169.695313,2361.116727,2268.301645,2455.092688,2488.892429,2359.122303,2499.269391,2807.651535,3557.224507,4050.864159,4358.007268,4705.080388,5511.877927,6633.553231,6584.541019,6557.804741,7289.718715,7543.281508,8307.233951,8654.607654
          Bhoutan,61.77564435,66.32873025,70.09848139,78.85374325,92.84697064,86.7695395,88.40907401,97.82668083,94.03071355,105.3158237,128.593292,144.7159224,152.191512,170.8199189,167.8186125,172.2032302,203.7643741,245.2882771,264.62198,254.2143252,273.6000418,233.143033,234.7032431,220.8576936,259.5529433,289.1351741,305.6406396,356.322548,360.3734674,401.8091924,439.1425498,476.3968971,537.0466071,621.9822534,702.7368065,818.86961,897.7313599,1196.090841,1258.339593,1264.749979,1585.464241,1820.20914,1823.690223,1781.261397,1949.285746
          Burkina Faso,450.0922222,459.4536314,586.6718781,678.9064762,747.7798048,889.5522114,852.9621714,1030.604827,1328.172095,1782.241534,1933.165643,1791.477576,1643.151434,1501.30334,1342.096835,1568.522911,2057.30973,2394.153141,2643.024618,2642.527923,3133.314718,3167.249552,3391.284425,3232.508008,1914.845381,2403.943866,2613.101565,2472.794485,2833.694893,3012.646768,2632.700088,2834.162162,3205.592273,4205.692842,4838.545336,5462.718534,5816.308138,6755.81976,8350.705923,8348.166978,8992.68451,10755.56148,11221.08618,12547.26932,13180.80237
          Burundi,244.8157691,251.8778613,245.7311624,304.7189429,345.4997572,413.8242781,456.1765641,541.8670485,612.0668142,790.8290657,948.7829718,990.6324059,1042.844451,1104.180607,1003.65191,1168.18795,1230.484577,1159.132107,1086.365186,1128.742784,1145.415347,1164.448358,1084.05424,974.6610274,1068.605212,1000.228385,868.7853642,972.6577698,893.5143289,807.9867364,708.9700341,662.2119903,627.9747136,595.3610773,679.748248,1116.887484,1273.375078,1356.199387,1611.835857,1775.503975,2032.135191,2259.734565,2421.591944,2548.881335,2900.211749
          Cambodge,769.1149107,767.7963,757.4861213,647.3971167,668.6339772,720.7000696,760.2615455,688.9183341,737.2899979,695.7665532,715.5213201,782.6419995,831.196634,902.3224792,980.4193507,1059.044085,1121.472706,1397.717957,1680.907462,1741.743758,1697.719548,2248.213477,2393.653451,2433.856452,2676.188979,3309.356001,3506.718126,3443.471826,3130.078523,3512.777995,3666.637567,3991.795046,4289.402492,4664.899329,5337.889823,6293.048259,7274.501919,8639.240662,10351.91778,10401.8441,11242.27882,12829.54293,14054.44321,15249.6844,16435.48209
          République centrafricaine,197.8601758,210.7758568,240.9791823,283.7360113,294.4245111,396.1879983,472.0360824,530.7807256,638.8420104,733.2027963,833.9431591,726.9657358,782.9513973,689.1692692,667.3450701,904.8833028,1174.214101,1256.585294,1323.450843,1291.048294,1507.401272,1441.132986,1477.274511,1337.975404,890.5747922,1167.020504,1054.441273,981.1490976,1012.116,1045.74277,956.8320945,974.9673904,1037.278713,1192.51345,1328.871606,1412.805702,1537.502785,1754.928634,2033.153896,2029.424164,2033.813912,2265.951515,2236.749993,1585.255655,1811.520529
          Tchad,474.8813527,518.2977683,538.6506677,597.3559497,695.9482981,1005.454251,944.0298867,954.9516727,1154.526522,1339.649713,1146.375969,910.5864138,822.1196522,815.7112636,878.9386144,867.6435727,1068.047973,1212.582442,1416.655977,1338.864366,1612.106731,1600.107974,1666.983677,1454.217182,1179.740664,1444.714303,1615.274739,1542.775803,1757.748413,1528.782584,1385.361147,1709.737561,1987.328738,2722.679751,4414.8736,5873.375706,6299.827214,7008.151378,8353.964907,7466.328199,8630.18686,9819.351419,10210.6195,10459.90121,11384.95405
          Comores,19.62367729,21.70294681,25.57280993,34.12935683,38.56625946,59.8755778,59.02946369,65.30102742,84.68276388,113.1958345,123.5056615,114.2718763,107.0895626,111.519674,107.4898318,114.4907089,162.4877782,196.4336711,207.4765594,198.7331907,243.7721121,245.4693049,266.1910828,263.5681331,185.7618132,231.8962337,230.4957565,212.106494,215.3940486,222.5804616,201.8998836,220.1156553,251.1624206,324.4708689,362.4204835,387.0361317,403.1794744,464.9488793,525.9578027,526.9857058,533.3560504,589.4455007,573.9463614,622.0032147,664.6401312
          Rép. dém. du Congo,4790.419162,5389.221557,5988.023952,7784.431138,8982.035928,9580.838323,9088.040391,11908.9317,17942.58373,15622.73977,16075.73457,13690.81574,13568.16699,11640.08846,7059.556355,7520.719582,8706.337257,7421.34839,8485.315112,14159.75614,15032.8949,14187.89395,13009.42945,16975.06943,9205.583251,8946.579641,9155.409422,9419.104879,9853.19686,3131.856039,2981.728591,8349.998629,8728.022248,8937.648681,10297.49508,11964.55831,14296.61057,16364.00924,19206.05022,18262.72996,21561.99339,25835.37223,29306.26964,32690.84173,35753.80303
          Djibouti,66.02309285,74.61671362,89.72004024,112.0820734,141.0728866,156.6898113,187.0230848,201.4583288,220.8909888,264.009318,301.1855661,319.7033553,334.1360897,337.5909431,357.4139261,369.3793731,396.329274,408.0057542,432.5084809,441.2704346,456.9139269,466.2735411,481.5913707,482.163616,510.8771614,509.6313885,496.4708729,491.1552377,497.7515319,536.0818361,555.8994154,577.4950625,596.1760287,627.5566759,666.2127717,708.6331947,768.6429854,847.9189291,982.5344219,1049.234474,1128.6117,1239.144502,1353.632942,1455.771411,1581.913331
          Guinée équatoriale,20.26964753,21.04748976,20.13308275,25.61100079,27.22895866,33.70966833,35.01801453,38.79539128,43.93260618,49.67761365,53.79016054,50.62547495,60.07779961,67.86358715,68.14297774,80.24631929,99.66514212,120.697159,128.2489234,112.9336628,133.2195774,131.7778432,160.0582258,161.6512633,119.7782444,166.3675525,273.7655995,525.9908313,441.0233316,738.0083138,1177.426875,1694.999632,2086.501438,2753.558225,4774.439764,7205.504354,8537.487931,10827.27864,16374.10439,11122.76045,13391.91949,17992.15232,19601.80428,18531.50934,17160.1073
          Érythrée,_,_,_,_,_,_,_,_,_,_,_,_,_,_,_,_,_,_,_,_,_,_,437.0348836,505.0714877,630.7669725,639.7237197,748.4554493,782.0658201,809.3089569,793.7007993,706.3708123,752.3716821,729.3216689,870.2482922,1109.054002,1098.424709,1211.161879,1317.974493,1380.1888,1856.69555,2117.039511,2607.796751,3091.990888,3437.622726,3907.355768
          Éthiopie,_,_,_,_,_,_,_,_,_,_,_,_,_,_,_,_,_,_,_,_,_,_,10229.79877,7382.76673,7147.530061,7586.836819,8235.652824,8521.562903,7726.621812,7328.478793,8030.202592,7963.475849,7691.105599,8454.119435,9935.641483,12163.59194,14983.27234,18991.91943,25608.60995,28194.22202,26311.26597,29921.24179,41717.85342,46017.35144,54254.75866
          Éthiopie (...1991),2559.07527,2709.458845,2958.143029,3420.507255,3846.328015,3827.828059,4160.065103,4729.822188,5033.997501,5533.011307,5888.73706,6168.592206,6351.790276,6950.163398,8210.16979,9614.572845,10042.15049,10740.50652,10435.49975,10722.35301,11546.20694,13173.61181,_,_,_,_,_,_,_,_,_,_,_,_,_,_,_,_,_,_,_,_,_,_,_
          Gambie,96.34805811,101.0396955,131.5438514,224.1564638,293.4472761,351.8484683,323.4916397,341.7383304,406.252265,445.4034123,503.9801402,533.8438698,535.8824455,529.8004278,518.5812653,654.3294385,444.5417804,497.1610522,623.5694338,648.2255807,707.640378,690.311097,714.2542625,755.0409385,746.4939592,785.9998821,848.2394009,803.6333664,840.2852689,814.7240598,782.9138661,687.4093938,578.2358265,487.0400428,578.7862727,624.1725118,655.0694842,798.8684044,965.769736,900.6408454,951.8257927,904.2560266,914.0954772,901.8914735,862.579141
          Guinée,573.210394,634.6369158,677.4416777,725.4994887,832.1859924,935.4170825,1064.950074,1093.082388,1249.336875,1336.143035,1494.541734,1644.03178,1777.455074,1871.658824,1965.198846,2129.485509,2240.094736,2373.057995,2611.072007,2663.345537,2920.391997,3085.365407,3324.12016,3306.815556,3464.727129,3933.040539,4115.58901,4018.585674,3668.328196,3552.655215,3192.277748,3047.012745,3050.296966,3442.386229,3631.88489,2934.85777,3048.215586,4682.053628,5310.243556,5309.676741,5232.837646,5599.157846,6192.690608,7218.544075,7722.985426
          Guinée-Bissau,307.4843626,304.933171,356.9556243,439.8424857,483.3331073,555.8445701,500.362486,430.1358755,496.8265059,543.6553901,513.3541032,559.2841484,458.0491165,459.9469385,502.460608,454.6512595,504.7990946,546.8839716,517.3802911,568.0987842,608.5495494,647.6719626,669.3989611,699.3812865,736.7871747,785.3605048,587.6842649,462.7093967,354.3326016,386.7932373,371.2495607,394.2425905,418.0658991,468.4374621,524.173694,586.7918361,591.8298975,695.6063139,864.1077683,826.9693713,845.0347361,974.349585,908.0734859,1036.354472,1115.562422
          Haïti,331.1999997,362.8000001,371.9986292,466.7999997,565.3995312,681.4000001,879.0000002,947.0000002,974.2000002,1080.6,1383.8,1416.2,1474.2,1623.6,1816.2,2009.4,2237.6,1958.8,1971,2265.4,2613.6,2351.608894,1532.494474,1551.491519,2056.914894,2333.926034,2722.348363,2971.405043,3443.106719,3746.596773,3357.891692,3214.586332,2945.612369,2590.184749,3354.207628,3806.696349,4470.425695,5471.661151,5871.568164,5958.263816,6146.528811,6848.336248,7166.002417,7691.336865,8001.576491
          Kiribati,20.19553971,21.43074714,27.16969792,44.43310187,80.47996962,77.53768724,57.86994031,54.54138448,63.48079879,60.57594734,33.49802318,39.48477502,38.92079176,36.72974692,40.323356,29.97526146,28.95945797,33.67732289,43.41417081,41.60787181,39.99753355,47.37178163,48.08571964,47.04166644,54.81075586,55.98122803,66.86761313,67.22773605,65.63863629,69.15841866,74.69928225,65.23717359,73.72834935,94.2014349,102.3602979,112.1362148,108.5477658,130.7393719,140.3609253,129.9696095,153.2067629,174.9181462,180.7663022,174.5269536,173.0781331
          Rép. dém. populaire lao,114.5929889,126.4189299,136.4446095,156.428602,176.6913796,205.9352066,223.6610867,232.7969777,251.6214246,266.9517536,320.1419435,403.6954236,459.1113341,499.5985453,554.4027238,601.1503653,643.2368893,650.2436908,659.4791723,782.3431508,865.6743432,1028.365131,1133.049144,1278.940598,1483.235878,1708.075312,1800.457025,1678.086003,1234.936201,1397.381049,1665.309931,1684.979411,1758.293208,2014.090053,2376.062445,2716.783867,3541.450756,4213.933722,5285.170106,5585.016535,6743.619373,8060.599783,9397.285819,10759.60783,11666.98404
          Lesotho,67.33075409,64.65772355,76.60144174,115.9476996,132.1553011,137.5490511,135.8025948,177.7914028,245.1638733,266.8363064,351.0713236,356.5333963,327.1857862,355.4898304,303.1215362,247.5812777,290.7879028,369.153079,429.8086861,451.4524683,544.6396604,608.8085289,720.4840796,721.52016,755.1004482,859.2114334,815.8310126,859.7294332,801.4411171,801.5468188,771.2585381,706.3935969,656.7500183,969.1609434,1234.219558,1368.346468,1428.8426,1597.484736,1630.667593,1708.772782,2175.685681,2487.352968,2328.196275,2229.897137,2150.651657
          Libéria,259.031291,273.132553,295.999464,346.116111,423.420385,508.905889,527.355397,589.54944,645.899748,744.074506,765.195436,880.150063,912.708019,906.279909,893.423691,880.984882,865.874652,909.535705,966.971278,996.440402,487.131744,441.003764,283.230866,203.267252,167.53074,170.825596,202,342.6,418.2,504.154,527.84,522,562,433,527,608,702,817,920,1024,1074,1540.1,1734,1946,1991.473262
          Madagascar,898.0607424,971.0187344,1109.803195,1367.052261,1548.791824,1844.039747,1762.29644,1905.333693,2156.389178,2797.563317,3264.881112,2903.61311,2848.149675,2836.804191,2939.419161,2857.825242,3258.215387,2565.624571,2442.458757,2497.94582,3079.751207,2673.263011,2996.029972,3370.766169,2976.973726,3159.829825,3994.938306,3545.588378,3738.375932,3721.307849,3877.68014,4529.566261,4397.26127,5474.02542,4363.934417,5038.577053,5515.236338,7342.92362,9413.002737,8556.73227,8745.286045,9922.085993,9968.252914,10611.64968,10617.85222
          Malawi,579.1543478,728.514493,832.4984181,802.8187332,991.3104648,1107.997918,1211.195441,1456.85803,1714.737269,1840.148967,2236.356796,2236.401776,2113.676343,2203.656462,2157.877491,2027.757275,2124.237127,2218.459893,2472.883263,2970.408323,3166.319965,3658.041858,3285.104233,3612.29898,2134.243006,2473.657154,2942.803988,3106.679832,3214.447154,3208.978291,3150.376893,3101.595762,3495.597587,3209.16724,3476.333639,3655.892942,3998.018952,4432.93747,5321.01249,6191.125746,6959.657612,7158.342392,5559.077199,5146.257988,5621.16518
          Mali,294.3221709,351.8530856,398.0914776,461.1364474,432.7643322,644.2625136,763.0088673,887.928075,1029.088362,1301.171118,1516.955741,1399.175533,1228.217652,1079.340485,1060.745919,1157.896473,1689.54671,1998.758471,2067.495997,2073.30029,2509.689208,2450.843912,2785.881534,2842.929649,1871.285556,2618.075668,2780.422134,2697.105887,2920.358704,2938.610445,2655.438767,3017.629331,3189.056125,4221.530411,4982.269703,5486.318868,6122.647374,7145.363259,8737.662078,8964.480932,9400.175654,10647.54567,10340.79502,10942.72591,11647.00133
          Mauritanie,323.965031,347.3625372,405.941248,462.0384468,627.6775527,758.8058332,846.9777663,870.8681636,856.9164774,1069.315151,1495.611103,1444.872289,1308.971672,1330.538012,1157.440146,1085.028559,1275.103434,1444.922428,1520.23849,1550.679705,1622.500534,1739.678982,1762.677474,1505.821165,1595.684542,1680.792538,1700.326827,1652.408269,1440.825363,1405.659713,1293.65578,1295.53911,1324.426282,1563.074859,1889.115069,2184.444849,3040.718541,3356.758534,4031.047704,3662.281668,4337.791531,5123.097509,4845.165274,5516.440766,5577.333721
          Mozambique,3565.393353,3969.367094,4443.89363,5232.820227,5472.215679,5665.720285,5159.475472,5222.390154,5457.1271,5737.4313,5647.763644,5442.028968,5714.444099,5312.827366,6024.947323,5669.114239,5876.760099,3437.543126,2928.911907,3165.102774,3474.493196,3216.947096,2273.191534,2386.195213,2458.369615,2523.339546,3467.66557,4110.957476,4708.573094,5132.430655,4808.325941,4568.188659,4974.271856,5548.758233,6748.867398,7595.096898,8166.997252,9192.939073,11026.24746,10726.6311,10165.35359,13244.88004,14952.94685,15628.1683,16792.64649
          Myanmar,2692.428945,2757.330045,2553.7773,3320.911031,3979.00932,3680.127047,4089.462502,4190.673073,4677.667224,5365.059238,5905.194181,5938.642257,6072.20297,6258.858779,6454.929149,6606.488611,4996.051797,4918.295234,4512.585637,4861.275377,5183.093727,5320.780642,5967.821069,6478.803582,7111.472712,7764.211662,8415.31019,9043.065555,5925.85536,6575.623036,7275.325971,7633.917594,10369.13364,9924.908039,10253.84922,11930.82861,13851.58192,18232.52529,25864.44415,32934.81258,41517.78484,57933.91837,61571.03584,63030.96549,67627.82497
          Népal,1040.760767,1060.93933,1230.799317,1144.162554,1457.682046,1616.818498,1493.848444,1484.057785,1749.146233,1987.385688,2089.013873,2374.579869,2511.868658,2491.862427,2569.210292,2740.969753,2818.322676,3142.208817,3545.091543,3524.780268,3780.186252,3468.572521,3756.77067,3787.172382,4330.701346,4534.418924,4713.497173,5191.233802,4895.254796,5380.887241,5730.380115,5890.90618,5899.626934,6464.691914,7285.500156,8258.829299,8990.152614,10958.76984,11692.06109,12744.46157,16304.62831,18467.4265,18028.77094,18178.67704,19333.03162
          Niger,426.8272398,457.3989916,573.5388936,611.3235828,702.0769733,894.1688368,1058.177751,1249.521301,1691.652072,2214.615841,2697.416016,2352.546598,2144.491026,1916.542124,1552.854297,1530.886171,1979.850429,2290.4251,2380.833275,2221.982577,2637.840459,2503.61594,2601.072807,2387.928384,1476.810754,1786.36205,1912.51251,1761.109206,2012.203457,1979.561017,1727.05755,1880.693834,2144.63601,2640.6111,2897.005504,3369.007255,3646.729905,4283.547441,5403.36222,5397.121962,5718.587531,6409.169698,6687.732659,7407.417866,7820.088022
          Rwanda,240.725319,289.3599511,325.6085616,404.0563915,530.0572506,638.506594,712.075626,833.6628776,1011.257335,1238.625701,1400.991932,1571.037003,1571.262639,1652.13712,1772.393834,1915.581616,2154.145072,2408.838732,2598.562373,2649.910471,2573.111009,1915.357538,2023.346742,1959.457729,1206.335424,1299.874101,1406.818374,1892.485845,2034.447615,1920.75328,1771.106678,1674.220869,1677.086979,1845.686849,2088.382766,2580.597467,3110.327823,3775.447706,4796.573943,5308.990209,5698.548923,6406.72702,7292.911323,7600.876217,8007.289688
          Sao Tomé-et-Principe,35.3887959,35.46206905,39.40057236,53.26724663,54.98511405,57.15731796,49.48999199,46.79700802,52.34794017,62.53454514,77.66160472,79.40862853,76.37348655,71.43064679,74.38210448,78.67998734,110.2495548,110.272397,94.15072093,93.71744052,113.4535918,102.2105346,90.21450368,119.5821192,124.9041534,98.61523152,128.5653205,87.41709831,68.74413772,73.51517203,72.46544062,72.23028471,81.05337217,97.85354542,108.1862369,124.7802874,138.0806361,150.9254174,200.5213984,217.0096405,216.7768607,260.6113663,277.2054664,341.5181163,380.6263912
          Sénégal,952.0064169,983.8839711,1189.757977,1367.91407,1542.586666,2078.241768,2106.58601,2157.286006,2402.62492,2997.970529,3253.950333,2699.143564,2812.836748,2699.910844,2544.698031,2807.755185,4097.776964,5008.051774,5422.478091,5037.543012,6204.747588,5988.276903,6562.856612,5913.271414,3965.444147,4873.234156,5065.830114,4672.504142,5030.344291,5144.045095,4679.604925,4877.602016,5333.862339,6859.594265,8031.344239,8707.815254,9358.65548,11284.60347,13386.3663,12777.61944,12925.67925,14372.1052,14047.569,15151.74451,15912.1258
          Sierra Leone,455.5244195,485.0179503,534.6653193,609.9026363,702.2906792,750.5613535,697.5591444,794.7487247,1025.832474,1181.6859,1332.969266,1428.704725,1606.458776,1396.531823,1711.505242,1376.399431,965.5663107,819.1119325,1283.885411,1211.671624,879.4988521,1055.969006,920.5631304,1040.912747,1234.477068,1178.834023,1274.914296,1151.07633,910.2698885,906.2361165,860.8493191,1090.717293,1253.591164,1386.006041,1448.727987,1650.681289,1885.262691,2158.653309,2505.620489,2453.972926,2578.159496,2932.273915,3787.392581,4929.215177,5104.986045
          Îles Salomon,32.03200513,34.59554305,37.74035595,50.56000115,72.91370999,64.80188515,72.1021651,81.50215306,98.20772804,130.1439299,143.5238501,161.578312,163.216234,123.1108587,174.0577569,159.9846926,144.9899512,146.1594459,176.2290818,167.6229791,208.1238013,220.3886177,260.612684,282.7087167,319.7767892,364.661323,403.2124272,408.4002753,358.4148139,380.1046201,338.1849855,334.5973919,273.8275899,314.2576176,363.5127714,429.4760336,471.1767701,587.990068,637.0744824,638.5565976,719.6229193,870.2492579,975.8806316,1072.793255,1155.215758
          Somalie,341.0255497,347.0393484,447.8839413,483.6996107,572.504036,757.0158789,871.3442453,444.7663323,503.6000743,517.9884244,574.8302149,667.8650711,728.9253876,669.9916951,716.4191568,809.8025047,808.4104802,912.6677799,939.3929509,974.200516,994.0733681,613.95,583.2545455,996.4418411,1126.306823,1122.242795,1260.225209,1482.006572,1926.004373,1904.432755,2052.048477,1302.61124,1219.172165,1516.743116,1984.459845,2315.547906,2390.00822,2482.993197,2600.027766,2011.708219,1071.191223,1067.304075,1305.874432,1398.779509,-
          Soudan du Sud,_,_,_,_,_,_,_,_,_,_,_,_,_,_,_,_,_,_,_,_,_,_,_,_,_,_,_,_,_,_,_,_,_,_,_,_,_,_,_,_,_,_,10368.81356,11804.40678,9599.216865
          Soudan,_,_,_,_,_,_,_,_,_,_,_,_,_,_,_,_,_,_,_,_,_,_,_,_,_,_,_,_,_,_,_,_,_,_,_,_,_,_,_,_,_,_,51805.53455,54594.60192,59216.49933
          Soudan (...2011),1233.693283,1338.753594,1659.118328,2134.48019,2600.396331,3242.13384,4043.202194,4750.817657,5111.632359,5646.498654,6365.486013,7672.758465,5807.458789,5234.454615,7061.693846,6623.77318,8978.2348,11623.56567,11542.30311,11335.15898,12637.30204,11328.02155,12115.58523,12528.64987,11884.3043,12847.18734,8377.204018,10241.12141,10924.15361,10714.22261,13092.08968,15716.36123,18137.1257,21355.29546,26646.00692,35182.65504,45263.77675,59440.60314,63962.43305,60562.40767,69664.54289,73159.66862,_,_,_
          Timor-Leste,_,_,_,_,_,_,_,_,_,_,_,_,_,_,_,_,_,_,_,_,_,_,_,_,_,_,_,_,_,_,_,_,_,505.659429,1089.480191,1812.977173,2823.66464,2964.64738,4438.438871,3298.421819,4215.47591,5727.453084,5579.01369,4941.133528,4810.883609
          Togo,264.7256496,298.3332986,347.4023895,405.5288766,542.71486,598.6667149,570.4528899,687.0734913,851.2254005,1016.497408,1130.596851,949.4668268,820.7390997,738.1922644,697.5520088,740.1010713,1049.938786,1247.570106,1512.261457,1483.804357,1786.825483,1765.449168,1851.35155,1411.087781,1093.698146,1444.435412,1578.776431,1609.609254,1523.365392,1526.14802,1294.136166,1332.203599,1472.404157,1673.506868,1936.854832,2110.217107,2218.65322,2530.583163,3167.735563,3163.051565,3172.644757,3688.306859,3896.881209,4158.187784,4401.284913
          Tuvalu,2.585174334,2.747866459,3.028236128,3.783673016,4.013522301,3.847741362,3.797642001,3.54625787,3.853304368,3.998562929,4.296581101,4.721823885,3.785516481,3.995441506,4.341304778,3.515620909,4.370396326,5.31025501,7.525538938,8.207359922,9.539000357,10.14523141,10.70907931,9.57866391,11.42825113,11.76250387,12.49319828,13.39755674,12.9813621,13.78225104,12.2628554,12.83880953,14.63922035,18.33392391,21.62056036,21.89713931,22.90256648,27.03099603,30.29077026,27.10131279,31.82470128,39.31350869,39.87570812,38.33821371,37.30035621
          Ouganda,1569.398094,1736.355441,1886.61687,2208.017262,2673.955059,3107.599502,3278.185328,3528.56914,3625.270893,3433.993914,3648.524922,4066.119646,4654.434987,5144.013256,5079.990488,5226.600985,5953.3968,6660.214693,7615.252899,6725.944636,4757.741949,3856.854122,4142.119743,4281.034288,6732.221075,7876.589073,7981.97075,8596.075244,8256.704053,7838.848284,7469.261306,7764.59874,8167.88265,8632.621875,10330.20827,12294.7398,13483.79656,16591.34888,20055.28941,20165.59492,21619.63569,23553.69603,25515.42845,26443.72641,28428.96489
          République-Unie de Tanzanie,2435.211633,2605.381771,2965.881613,3539.21827,4250.795781,4893.549981,5299.795592,6331.574727,7583.60701,8028.193239,9342.057484,10776.87793,11403.96313,11504.26732,10568.16009,11654.0053,8232.750643,5768.785145,6723.051937,7180.487765,6999.346746,7910.960803,7060.698899,6452.262594,6653.906934,7760.177015,9603.227529,11353.23224,12361.4204,12670.77461,13313.28311,13585.6192,14138.74358,15243.46811,16784.32535,18508.1836,18821.94646,22091.57955,27988.63183,29255.81092,30754.7397,33310.57791,38977.82145,45858.89006,50140.27452
          Vanuatu,38.50283911,41.59900645,55.27595234,67.43096739,67.24103639,81.34561373,78.56933952,82.30738244,100.4457937,132.1840588,125.7178457,109.4552631,108.7790112,116.0379509,141.2542308,134.286756,130.4290282,138.6170758,163.2435658,160.0698143,173.7076536,206.8861235,215.8061427,222.1813245,243.5955921,276.1687014,287.0226144,288.9873691,263.2044847,268.9378927,272.9594677,258.8227886,262.6147523,314.4550458,364.9968691,394.9624318,439.3766617,526.4283099,607.9588161,610.0664382,700.8040452,792.1499958,780.2239914,800.01236,812.2695943
          Yémen,_,_,_,_,_,_,_,_,_,_,_,_,_,_,_,_,_,_,_,_,4031.830649,4178.999931,4483.66451,4777.091653,4984.317746,5935.690378,7284.6123,7796.848613,7250.960868,8693.539127,10864.56284,11240.44601,12247.08824,13555.49052,15616.65272,19041.16298,22812.47633,25633.67477,30397.20173,28459.50298,30906.75182,31078.85868,32074.7684,34714.03724,37191.45613
"          Yémen, République arabe du",398.3148129,471.487495,686.9811151,623.9641727,757.9429939,924.1732541,1016.754962,1172.488238,1300.581272,1439.700224,1619.559709,1780.405469,2023.347074,2118.07412,2185.437457,2322.475861,2439.825421,2568.671195,2706.253808,2867.985397,_,_,_,_,_,_,_,_,_,_,_,_,_,_,_,_,_,_,_,_,_,_,_,_,_
"          Yémen, Démocratique",153.5912277,141.6403856,158.5118668,129.7222983,137.8356423,140.3698144,182.381902,224.6111256,270.9852306,291.6991302,355.1881323,407.7122431,486.5435459,512.8596473,547.1292093,533.1362749,463.5167939,477.6491441,502.5153976,578.6257177,_,_,_,_,_,_,_,_,_,_,_,_,_,_,_,_,_,_,_,_,_,_,_,_,_
          Zambie,1544.192383,1574.164973,1851.647204,2349.834205,2894.548228,2658.265319,2813.703978,2767.425574,3098.138218,3827.221008,4314.873626,4016.122281,4275.405653,3992.301827,3194.055408,2772.255858,2105.408233,2108.490647,3470.831627,3955.741943,3794.810555,3376.806805,3307.307888,3273.507683,3347.472876,3470.586136,3270.96614,3911.000211,3237.581132,3132.093789,3238.542164,3653.822712,3711.284087,4341.841414,5439.176376,7178.556337,10702.20082,11541.42098,14640.7921,12805.02952,16190.19683,19201.59226,20596.46027,22383.74365,22578.45964
PMA (Pays les moins avancés),42974.49461,44983.26091,49568.00387,58108.72007,67699.56904,72697.96859,76070.00441,84223.5819,101078.9021,109816.9924,121693.4001,121334.2444,119666.9526,117849.3214,119046.2471,124548.4815,129515.9597,134188.0186,143372.2913,154893.3362,164292.915,166487.6819,167152.7543,164978.8188,154886.0489,167353.5387,175881.0067,185792.209,184237.8723,182607.9661,191050.34,203178.1331,218366.4865,245041.0293,284651.7628,337167.1524,388450.6649,475857.3615,580967.929,581682.2219,646234.4116,744094.8476,788820.8228,856702.5765,921061.0178
    PMA : Afrique et Haïti,28725.01541,31191.28555,35045.63067,42236.51257,48658.3967,52869.32436,54479.65923,61408.45868,73638.07245,78500.81261,87180.97213,86010.62662,85442.54616,82916.8417,80449.80529,84636.46726,89686.18097,90862.2308,97621.33686,105287.5082,111709.2522,111277.0739,109539.8633,105972.625,92278.52839,96012.45083,99858.57015,106867.5591,108489.879,101451.0077,104639.9755,115452.8022,123776.0527,141775.0118,170768.2582,211962.3593,249840.1222,312899.3424,387310.9477,369912.9059,400698.5619,462652.8827,493233.7255,529874.7701,561221.5467
    PMA : Asie,14101.15117,13634.43718,14334.18558,15618.60316,18722.97273,19484.0784,21269.48664,22481.12801,27037.81136,30813.54691,34004.22437,34814.69707,33726.24184,34469.65534,38054.59324,39391.08118,39248.29258,42695.31759,45058.91484,48935.86929,51795.06908,54378.13641,56721.27179,58061.53321,61667.24318,70302.00266,74893.77959,77847.11341,74763.61579,80128.87967,85437.89257,86761.48878,93633.40814,101596.7856,111470.9272,121921.5277,134203.6142,158105.3086,187076.3782,206321.2049,238964.7825,272987.8241,287180.1852,318837.4808,351805.4571
    PMA : Îles,148.3280315,157.538179,188.1876246,253.6043469,318.1996118,344.5658232,320.8585426,333.9952133,403.018329,502.6328787,508.2035663,508.9206789,498.1646026,462.8243188,541.8485849,520.9330273,581.4861667,630.4701677,692.0396377,669.9586564,788.5936928,832.4715937,891.6192122,944.6606238,940.2773549,1039.085222,1128.65693,1077.53653,984.3774833,1028.078816,972.4719151,963.8421037,957.0257048,1669.231865,2412.57741,3283.265412,4406.928515,4852.710423,6580.603066,5448.111123,6571.06725,8454.14086,8406.912151,7990.325641,8034.013972